{"loss": 5.294612884521484, "size": -1, "size_num": 1, "lr": 0.5, "len mask > 0.5": 7, "_timestamp": 1682952130.0619168, "_runtime": 82.7584228515625, "_step": 2}