{"len mask > 0.5": 30, "loss": -1558.823486328125, "_timestamp": 1683188668.5458, "_runtime": 44.94644808769226, "_step": 9, "_wandb": {"runtime": 77}}