{"loss": 2740.509521484375, "size": -100, "size_num": 10, "lr": 0.5, "len mask > 0.5": 8, "_timestamp": 1682953149.487583, "_runtime": 246.98799180984497, "_step": 9, "_wandb": {"runtime": 260}}