{"len mask > 0.5": 13, "loss": -278.92901611328125, "_timestamp": 1682697545.6217868, "_runtime": 724.4183869361877, "_step": 29, "_wandb": {"runtime": 781}}