{"loss": NaN, "size": -10, "size_num": 1, "lr": 0.5, "len mask > 0.5": 0, "_timestamp": 1683039958.2457829, "_runtime": 905.2657599449158, "_step": 179, "_wandb": {"runtime": 904}}