{"loss": 1770.009033203125, "size": -10, "size_num": 0.5, "lr": 0.5, "len mask > 0.5": 64, "_timestamp": 1682941045.082479, "_runtime": 92.74685788154602, "_step": 1, "_wandb": {"runtime": 139}}