{"len mask > 0.5": 13, "loss": 1.6284996271133423, "_timestamp": 1682352426.031977, "_runtime": 182.36973905563354, "_step": 6, "_wandb": {"runtime": 196}}