{"loss": -146.2099151611328, "size": -10, "size_num": 1, "lr": 0.5, "len mask > 0.5": 5, "_timestamp": 1683024327.531109, "_runtime": 2223.690957069397, "_step": 41}