{"loss": 1750.9056396484375, "size": -10, "size_num": 0.5, "lr": 0.5, "len mask > 0.5": 64, "_timestamp": 1682949941.2160242, "_runtime": 133.21603226661682, "_step": 3}