{"loss": -1223.918701171875, "size": -10, "size_num": 0.5, "lr": 0.5, "len mask > 0.5": 64, "_timestamp": 1682949263.178637, "_runtime": 134.56683206558228, "_step": 3}