{"loss": 4404.8505859375, "size": -10, "size_num": 0.5, "lr": 0.5, "len mask > 0.5": 64, "_timestamp": 1682949539.119285, "_runtime": 92.06202411651611, "_step": 1}