{"loss": 1.7908494472503662, "size": -10, "size_num": 1, "lr": 0.5, "len mask > 0.5": 5, "_timestamp": 1682954276.2033129, "_runtime": 239.945396900177, "_step": 9, "_wandb": {"runtime": 247}}