{"len mask > 0.5": 24, "loss": 2.0159168243408203, "_timestamp": 1683119196.657436, "_runtime": 221.72837090492249, "_step": 9}