label,node_idx,number_neighbors,prediction_explain,prediction_full,prediction_explain_binary,abstract,address,author,booktitle,carriedOutBy,carriesOut,chapter,dealtWithIn,edition,editor,fax,financedBy,finances,hasProject,head,homepage,howpublished,isAbout,isWorkedOnBy,isbn,journal,member,month,name,note,number,pages,phone,photo,projectInfo,publication,publishes,series,title,type,volume,worksAtProject,year,type,type,range,subClassOf,allValuesFrom,inverseOf,onProperty
[0],5678,51,[0.27073008 0.2240415  0.4131662  0.09206229],[9.8646963e-01 5.4700294e-04 1.2982166e-02 1.1929498e-06],[0.25632975 0.23195143 0.40051642 0.11120237],,,12.0,,,,,,,2.0,,,,,,,,,8.0,,,6.0,,,,,,,,,12.0,,,,2.0,,,,2.0,2.0,,,,,
[0],5724,7,[0.28897083 0.24525176 0.20655163 0.2592258 ],[0.39725292 0.20592682 0.26314494 0.13367526],[0.29043674 0.2436472  0.19445305 0.27146295],,,2.0,,,,,,,,2.0,,,,,2.0,,,,,,,,2.0,,,,,,,,,,,2.0,,,,2.0,2.0,,,,,
[0],5699,5,[0.27664185 0.25974214 0.21615142 0.2474646 ],[0.26639837 0.256873   0.22420037 0.2525283 ],[0.27687928 0.26226825 0.21281205 0.24804042],,,,,,,,,,,2.0,,,,,2.0,,,,,,,,2.0,,,,2.0,,,,,,,,,,,,,,,,,
[0],5688,4,[0.28101408 0.25127494 0.23410062 0.23361032],[0.28961223 0.24187674 0.23310687 0.2354041 ],[0.26379874 0.26394722 0.24580707 0.22644699],,,,,,,,,,,2.0,,,,,,,,,,,,,,,,,2.0,,,,,,,2.0,,,,2.0,2.0,,,,,
[0],5702,6,[0.29740113 0.23923337 0.2258401  0.23752548],[0.31579158 0.21419065 0.29872063 0.17129713],[0.30200055 0.23731732 0.21932699 0.24135521],,,2.0,,,,,,,,2.0,,,,,,,,,,,,,2.0,,,,2.0,,,,,,,2.0,,,,2.0,2.0,,,,,
