{"len mask > 0.5": 32, "loss": -293.73089599609375, "pred_loss": 1.8387080430984497, "size_loss": -299.3587341308594, "size_num_loss": 3.0, "mask_ent_loss": 0.511385440826416, "reg_loss": 0.2777336537837982, "_timestamp": 1683199726.328149, "_runtime": 4429.859847068787, "_step": 699, "_wandb": {"runtime": 4454}}