{"len mask > 0.5": 0, "loss": 0.031914714723825455, "_timestamp": 1683117981.9085758, "_runtime": 1061.9146966934204, "_step": 199, "_wandb": {"runtime": 1061}}