{"len mask > 0.5": 29, "loss": -20.143646240234375, "_timestamp": 1683118738.1203709, "_runtime": 222.66935896873474, "_step": 9}