{"loss": -33.721923828125, "size": -10, "size_num": 0.5, "lr": 0.5, "len mask > 0.5": 64, "_timestamp": 1682949385.472619, "_runtime": 87.6219379901886, "_step": 1}