{"loss": 3012.937744140625, "size": -100, "size_num": 10, "lr": 0.5, "len mask > 0.5": 8, "_timestamp": 1682953620.205141, "_runtime": 177.22977995872498, "_step": 6}