{"loss": -75.06535339355469, "size": -100, "size_num": 10, "lr": 0.5, "len mask > 0.5": 14, "_timestamp": 1682952500.5061061, "_runtime": 67.69624519348145, "_step": 1}