{"loss": 260.4868469238281, "size": -10, "size_num": 0.5, "lr": 0.5, "len mask > 0.5": 2, "_timestamp": 1682951486.692825, "_runtime": 106.95177507400513, "_step": 3}