{"loss": -4774.01953125, "size": -10, "size_num": 0.5, "lr": 0.5, "len mask > 0.5": 64, "_timestamp": 1682947145.109972, "_runtime": 281.4067940711975, "_step": 9, "_wandb": {"runtime": 328}}