{"loss": 2454.8837890625, "size": -10, "size_num": 0.5, "lr": 0.5, "len mask > 0.5": 36, "_timestamp": 1682946345.631799, "_runtime": 302.49937891960144, "_step": 9, "_wandb": {"runtime": 342}}