{"len mask > 0.5": 30, "loss": -1558.823486328125, "_timestamp": 1683186668.3523295, "_runtime": 45.047539472579956, "_step": 9, "_wandb": {"runtime": 77}}