{"loss": -218.33204650878906, "size": -10, "size_num": 1, "lr": 0.5, "len mask > 0.5": 8, "_timestamp": 1682953954.733993, "_runtime": 234.18323802947998, "_step": 9, "_wandb": {"runtime": 246}}