{"loss": NaN, "size": -10, "size_num": 1, "lr": 0.5, "len mask > 0.5": 0, "_timestamp": 1683067677.2815125, "_runtime": 2454.522008419037, "_step": 349, "_wandb": {"runtime": 2453}}