{"loss": 64.79530334472656, "size": -1, "size_num": 0.5, "lr": 0.5, "_timestamp": 1682844086.016744, "_runtime": 142749.91347193718, "_step": 53, "_wandb": {"runtime": 142767}}