{"loss": 3055.250732421875, "size": -10, "size_num": 0.5, "lr": 0.5, "len mask > 0.5": 36, "_timestamp": 1682941382.890239, "_runtime": 271.66142106056213, "_step": 9, "_wandb": {"runtime": 299}}