{"len mask > 0.5": 13, "loss": -39.67479705810547, "_timestamp": 1682696569.31487, "_runtime": 209.6381711959839, "_step": 6, "_wandb": {"runtime": 225}}