{"loss": 0.9686219692230225, "size": -1, "size_num": 1, "lr": 0.5, "len mask > 0.5": 14, "_timestamp": 1682952020.120053, "_runtime": 61.27509903907776, "_step": 1}