{"loss": 2454.8837890625, "size": -10, "size_num": 0.5, "lr": 0.5, "len mask > 0.5": 36, "_timestamp": 1682941945.3164659, "_runtime": 287.6353209018707, "_step": 9, "_wandb": {"runtime": 314}}