label,node_idx,number_neighbors,prediction_explain,prediction_full,prediction_explain_binary,abstract,address,author,booktitle,carriedOutBy,carriesOut,chapter,dealtWithIn,edition,editor,fax,financedBy,finances,hasProject,head,homepage,howpublished,isAbout,isWorkedOnBy,isbn,journal,member,month,name,note,number,pages,phone,photo,projectInfo,publication,publishes,series,title,type,volume,worksAtProject,year,type,type,range,subClassOf,allValuesFrom,inverseOf,onProperty
[0],5678,1140,[0.26382053 0.2635561  0.23437728 0.23824605],[9.8646963e-01 5.4700294e-04 1.2982166e-02 1.1929498e-06],[0.27296308 0.24651305 0.24765301 0.23287088],,,,,,,,,,,,,,,,,,,2.0,,,,,,,,,,,,,,,,2,,,,2,2,,,,,
[0],5724,1070,[0.29444644 0.25055698 0.24534161 0.20965497],[0.39725292 0.20592682 0.26314494 0.13367526],[0.27296308 0.24651305 0.24765301 0.23287088],,,,,,,,,,,2.0,,,,,2.0,,,,,,,,,,,,,,,,,,,4,,,,4,4,,,,,
[0],5699,1064,[0.28226942 0.24554694 0.22079818 0.25138542],[0.26639837 0.256873   0.22420037 0.2525283 ],[0.27296308 0.24651305 0.24765301 0.23287088],,,,,,,,,,,2.0,,,,,,,,,,,,,,,,,,,,,,,,2,,,,2,2,,,,,
[0],5688,1061,[0.27298483 0.24650657 0.24763075 0.23287785],[0.28961223 0.24187674 0.23310687 0.2354041 ],[0.27296308 0.24651305 0.24765301 0.23287088],,,,,,,,,,,,,,,,,,,,,,,,,,,,,,,,,,,6,,,,6,6,,,,,
[0],5702,1065,[0.27924663 0.25507107 0.248047   0.21763524],[0.31579158 0.21419065 0.29872063 0.17129713],[0.27296308 0.24651305 0.24765301 0.23287088],,,,,,,,,,,2.0,,,,,,,,,,,,,,,,,,,,,,,,4,,,,4,4,,,,,
[0],5714,1061,[0.27447465 0.25594455 0.23882914 0.23075165],[0.28961223 0.24187674 0.23310687 0.2354041 ],[0.27296308 0.24651305 0.24765301 0.23287088],,,,,,,,,,,2.0,,,,,,,,,,,,,,,,,,,,,,,,6,,,,6,6,,,,,
