{"loss": NaN, "size": -10, "size_num": 1, "lr": 0.5, "len mask > 0.5": 0, "_timestamp": 1683021975.106464, "_runtime": 587.3962969779968, "_step": 21}