{"loss": 256.2830505371094, "size": -10, "size_num": 0.5, "lr": 0.5, "len mask > 0.5": 2, "_timestamp": 1682951642.57087, "_runtime": 104.07120895385742, "_step": 3}