{"loss": -1655.6259765625, "size": -10, "size_num": 0.5, "lr": 0.5, "len mask > 0.5": 64, "_timestamp": 1682948849.050866, "_runtime": 114.18934488296509, "_step": 2}