{"loss": 0.2886563837528229, "size": -10, "size_num": 0.5, "lr": 0.5, "len mask > 0.5": 64, "_timestamp": 1682950975.156441, "_runtime": 67.08322501182556, "_step": 0}