{"loss": -6.4675774574279785, "size": -10, "size_num": 1, "lr": 0.5, "len mask > 0.5": 14, "_timestamp": 1682952331.885874, "_runtime": 105.75216507911682, "_step": 3}