{"loss": -0.0, "size": -10, "size_num": 1, "lr": 0.5, "len mask > 0.5": 2, "_timestamp": 1683044630.175715, "_runtime": 270.12039494514465, "_step": 9, "_wandb": {"runtime": 283}}