{"loss": -52.91413879394531, "size": -10, "size_num": 0.5, "lr": 0.5, "len mask > 0.5": 13, "_timestamp": 1682940783.159039, "_runtime": 65.32181096076965, "_step": 1, "_wandb": {"runtime": 76}}