{"loss": 0.2778821587562561, "size": -10, "size_num": 1, "lr": 0.5, "len mask > 0.5": 3, "_timestamp": 1682954587.511442, "_runtime": 255.3827929496765, "_step": 9, "_wandb": {"runtime": 271}}