{"acc": 0.7623715580991801, "loss": 0.19497284715712485, "_timestamp": 1682347261.5506308, "_runtime": 10.052197694778442, "_step": 7, "_wandb": {"runtime": 9}}