{"loss": -84.0147933959961, "size": -100, "size_num": 10, "lr": 0.5, "len mask > 0.5": 14, "_timestamp": 1682952842.281013, "_runtime": 174.27347111701965, "_step": 6}