{"loss": -16.632057189941406, "size": -10, "size_num": 1, "lr": 0.5, "len mask > 0.5": 2, "_timestamp": 1683020712.824219, "_runtime": 273.72221398353577, "_step": 9, "_wandb": {"runtime": 280}}