{"loss": 1754.581787109375, "size": -10, "size_num": 0.5, "lr": 0.5, "len mask > 0.5": 64, "_timestamp": 1682949769.208653, "_runtime": 157.74022698402405, "_step": 4}