{"len mask > 0.5": 7, "loss": 2.4545657634735107, "_timestamp": 1682699364.69924, "_runtime": 744.0681738853455, "_step": 29, "_wandb": {"runtime": 821}}