{"loss": 379.9510498046875, "size": -1, "size_num": 1, "lr": 0.5, "len mask > 0.5": 7, "_timestamp": 1682951802.140033, "_runtime": 91.0602490901947, "_step": 2}