{"loss": 0.2886563837528229, "size": -10, "size_num": 0.5, "lr": 0.5, "len mask > 0.5": 64, "_timestamp": 1682951093.6079428, "_runtime": 67.19240093231201, "_step": 0, "_wandb": {"runtime": 90}}