label,node_idx,number_neighbors,prediction_explain,prediction_full,prediction_explain_binary,abstract,address,author,booktitle,carriedOutBy,carriesOut,chapter,dealtWithIn,edition,editor,fax,financedBy,finances,hasProject,head,homepage,howpublished,isAbout,isWorkedOnBy,isbn,journal,member,month,name,note,number,pages,phone,photo,projectInfo,publication,publishes,series,title,type,volume,worksAtProject,year,type,type,range,subClassOf,allValuesFrom,inverseOf,onProperty
0,5678,3787,[0.4521174  0.19075242 0.29380494 0.06332523],[9.8646963e-01 5.4700294e-04 1.2982166e-02 1.1929498e-06],[0.45493937 0.17929035 0.28605053 0.07971972],311,,15.0,,,,,,,,,,,,,,,,12.0,,,5.0,,1,,,,,,,17.0,,,,260,,1.0,,260,260,,,,,
0,5724,1359,[0.30507535 0.24287464 0.23541228 0.21663766],[0.39725292 0.20592682 0.26314494 0.13367526],[0.31801832 0.25496924 0.22520377 0.20180866],977,,4.0,,,,,,,,103.0,,,,,21.0,,,,,,,,1,,,,55.0,,,2.0,,,,791,,,,791,791,,,,,
0,5699,1316,[0.2667667  0.254535   0.23132335 0.24737498],[0.26639837 0.256873   0.22420037 0.2525283 ],[0.27489534 0.23317829 0.22775564 0.26417074],1020,,,,,,,,,,107.0,,,,,20.0,,,,,,,,1,,,,59.0,,,,,,,833,,,,833,833,,,,,
0,5688,1288,[0.2860635  0.24342969 0.23553829 0.2349686 ],[0.28961223 0.24187674 0.23310687 0.2354041 ],[0.30200055 0.23731732 0.21932699 0.24135521],964,,,,,,,,,,104.0,,,,,,,,,,,,,1,,,,56.0,,,,,,,803,,,,803,803,,,,,
