{"len mask > 0.5": 30, "loss": -1558.823486328125, "_timestamp": 1683188998.358151, "_runtime": 44.77609705924988, "_step": 9, "_wandb": {"runtime": 76}}