label,node_idx,number_neighbors,prediction_explain,prediction_full,prediction_explain_binary,abstract,address,author,booktitle,carriedOutBy,carriesOut,chapter,dealtWithIn,edition,editor,fax,financedBy,finances,hasProject,head,homepage,howpublished,isAbout,isWorkedOnBy,isbn,journal,member,month,name,note,number,pages,phone,photo,projectInfo,publication,publishes,series,title,type,volume,worksAtProject,year,type,type,range,subClassOf,allValuesFrom,inverseOf,onProperty
[0],5678,1140,[0.47345823 0.18509074 0.2849797  0.05647134],[9.8646963e-01 5.4700294e-04 1.2982166e-02 1.1929498e-06],[0.4985593  0.16979527 0.29046464 0.04118084],,,52.0,,,,,,,4.0,2,,,,,,,,54.0,,,30.0,,2.0,,,,2,2.0,,66.0,,,,1188,,4.0,,1188,1188,,,,,
[0],5724,1070,[0.30792695 0.24031308 0.23250894 0.21925093],[0.39725292 0.20592682 0.26314494 0.13367526],[0.34559214 0.22847351 0.2171885  0.20874582],,,2.0,,,,,,,,136,,,,,32.0,,,,,,,,2.0,,,,72,,,4.0,,,,1118,,,,1118,1118,,,,,
[0],5699,1064,[0.271054   0.25565827 0.22765121 0.24563657],[0.26639837 0.256873   0.22420037 0.2525283 ],[0.2531881  0.28235772 0.22013986 0.2443143 ],,,,,,,,,,,132,,,,,32.0,,,,,,,,,,,,76,,,,,,,1120,,,,1120,1120,,,,,
[0],5688,1061,[0.28200972 0.24414234 0.23872943 0.2351185 ],[0.28961223 0.24187674 0.23310687 0.2354041 ],[0.2606062  0.24379143 0.26494592 0.23065645],,,,,,,,,,,130,,,,,,,,,,,,,,,,,86,,,,,,,1116,,,,1116,1116,,,,,
[0],5702,1065,[0.29700467 0.23694465 0.24261855 0.22343206],[0.31579158 0.21419065 0.29872063 0.17129713],[0.3110981  0.21553849 0.24242581 0.23093753],,,,,,,,,,,136,,,,,,,,,,,,,2.0,,,,78,,,4.0,,,,1112,,,,1112,1112,,,,,
[0],5714,1061,[0.28524876 0.2444201  0.23257206 0.23775908],[0.28961223 0.24187674 0.23310687 0.2354041 ],[0.27719545 0.2564537  0.2277299  0.23862097],,,,,,,,,,,128,,,,,,,,,,,,,,,,,86,,,,,,,1116,,,,1116,1116,,,,,
[0],5708,1064,[0.27490446 0.24810793 0.23228917 0.24469848],[0.26639837 0.256873   0.22420037 0.2525283 ],[0.27405208 0.23705292 0.24565066 0.2432443 ],,,,,,,,,,,132,,,,,32.0,,,,,,,,,,,,76,,,,,,,1120,,,,1120,1120,,,,,
[0],5843,1099,[0.3454562  0.2426975  0.24085481 0.17099145],[0.82291853 0.06063034 0.10464665 0.01180454],[0.30929136 0.29212287 0.24289407 0.15569168],,,12.0,,,,,,,,140,,,,,2.0,,,28.0,,,10.0,,,,,,80,,,14.0,,,,1108,,8.0,,1108,1108,,,,,
[0],5873,1051,[0.2825674  0.24240868 0.23693794 0.23808603],[0.2731447  0.2547929  0.23922442 0.23283799],[0.29840934 0.21924187 0.23645452 0.24589427],,,,,,,,,,,2,,,,,,,,,,,,,2.0,,,,2,,,,,,,1096,,,,1096,1096,,,,,
