{"loss": -218331.328125, "size": -10, "size_num": 0.5, "lr": 0.5, "len mask > 0.5": 64, "_timestamp": 1682948295.472956, "_runtime": 285.70233392715454, "_step": 9, "_wandb": {"runtime": 331}}